address,symbol,name,decimals,tokenType
0xf7168c8abb0ff80116413a8d95396bbdc318a3ff,KEKE,KEK,7,ERC20
0xb9ef770b6a5e12e45983c5d80545258aa38f3b78,ZCN,0chain,10,ERC20
0xad5fe5b0b8ec8ff4565204990e4405b2da117d8e,TRXC,TRONCLASSIC,0,ERC20
0x467bccd9d29f223bce8043b84e8c8b282827790f,TEL,Telcoin,2,ERC20
0x7fd4d7737597e7b4ee22acbf8d94362343ae0a79,WMC,Wrapped MistCoin,2,ERC20
0xa4f9cec920ca520a7feb2c3a63050e08967bc111,DOOM,Doom,4,ERC20
0xe5caef4af8780e59df925470b050fb23c43ca68c,FRM,Ferrum Network Token,6,ERC20
0xa0b86991c6218b36c1d19d4a2e9eb0ce3606eb48,USDC,USD//C,6,ERC20
0xdac17f958d2ee523a2206206994597c13d831ec7,USDT,Tether USD,6,ERC20
0xc08512927d12348f6620a698105e1baac6ecd911,GYEN,GMO JPY,6,ERC20
0x96543ef8d2c75c26387c1a319ae69c0bee6f3fe7,KUJI,Kuji,6,ERC20
0xa3d4bee77b05d4a0c943877558ce21a763c4fa29,ROOT,The Root Network,6,ERC20
0xa670d7237398238de01267472c6f13e5b8010fd1,somm,somm,6,ERC20
0x263b6b028f3e4ed8c4329eb2b5f409ee38d97296,WMT,worldmobiletoken,6,ERC20
0x67f4c72a50f8df6487720261e188f2abe83f57d7,wPOKT,Wrapped Pocket,6,ERC20
0x16980b3b4a3f9d89e33311b5aa8f80303e5ca4f8,KEX,KIRA Network,6,ERC20
0xb6ed7644c69416d67b522e20bc294a9a9b405b31,0xBTC,0xBitcoin Token,8,ERC20
0xd1d2eb1b1e90b638588728b4130137d262c87cae,GALA,Gala,8,ERC20
0x72e4f9f808c49a2a61de9c5896298920dc4eeea9,BITCOIN,HarryPotterObamaSonic10Inu,8,ERC20
0xb64ef51c888972c908cfacf59b47c1afbc0ab8ac,STORJ,StorjToken,8,ERC20
0x8400d94a5cb0fa0d041a3788e395285d61c9ee5e,UBT,Unibyte Token,8,ERC20
0x2260fac5e5542a773aa44fbcfedf7c193bc2c599,WBTC,Wrapped BTC,8,ERC20
0x4b1d0b9f081468d780ca1d5d79132b64301085d1,LMR,Lumerin,8,ERC20
0x419d0d8bdd9af5e606ae2232ed285aff190e711b,FUN,FunFair,8,ERC20
0x5d3a536e4d6dbd6114cc1ead35777bab948e3643,cDAI,Compound Dai,8,ERC20
0x68a47fe1cf42eba4a030a10cd4d6a1031ca3ca0a,TET,Tectum Emission Token,8,ERC20
0x3597bfd533a99c9aa083587b074434e61eb0a258,DENT,"",8,ERC20
0x446c9033e7516d820cc9a2ce2d0b7328b579406f,SOLVE,Healthcare Administration Token,8,ERC20
0xa8258abc8f2811dd48eccd209db68f25e3e34667,DAG,Constellation,8,ERC20
0x226bb599a12c826476e3a771454697ea52e9e220,PRO,Propy,8,ERC20
0xe0f63a424a4439cbe457d80e4f4b51ad25b2c56c,SPX,SPX6900,8,ERC20
0xe5acbb03d73267c03349c76ead672ee4d941f499,WBEAM,Wrapped BEAM,8,ERC20
0x738865301a9b7dd80dc3666dd48cf034ec42bdda,AGRS,Agoras Token,8,ERC20
0x15d4c048f83bd7e37d49ea4c83a07267ec4203da,GALA,Gala,8,ERC20
0x0258f474786ddfd37abce6df6bbb1dd5dfc4434a,ORN,Orion Protocol,8,ERC20
0xcfeaead4947f0705a14ec42ac3d44129e1ef3ed5,NOTE,Notional,8,ERC20
0x4c19596f5aaff459fa38b0f7ed92f11ae6543784,TRU,TrustToken,8,ERC20
0x2b591e99afe9f32eaa6214f7b7629768c40eeb39,HEX,HEX,8,ERC20
0x5b7533812759b45c2b44c19e320ba2cd2681b542,AGIX,SingularityNET Token,8,ERC20
0xee1c139ea09924a95b98b56a68efc1104f049f21,SINU,Sora Inu,9,ERC20
0xf995771a957c19319a7d8d58b4082b049420340f,BONKI,BONK INU,9,ERC20
0x69420e3a3aa9e17dea102bb3a9b3b73dcddb9528,ELON,Elon,9,ERC20
0x85d19fb57ca7da715695fcf347ca2169144523a7,CONAN,Conan,9,ERC20
0x582d872a1b094fc48f5de31d3b73f2d9be47def1,TONCOIN,Wrapped TON Coin,9,ERC20
0xed5ad5963c3173e24347ec6f5b8faeb82f7287e6,BPEPE,Baby Pepe,9,ERC20
0x64aa3364f17a4d01c6f1751fd97c2bd3d7e7f1d5,OHM,Olympus,9,ERC20
0x53cf9d888135ddec4c2c1ec286b87913ef31f1c9,IETH,iShares Ethereum Trust,9,ERC20
0xb0d40389275f4428541b2c0ebc37717dfc4b33dc,RHC,RED HOT COCK,9,ERC20
0xe9b076b476d8865cdf79d1cf7df420ee397a7f75,FUND,Unification,9,ERC20
0xb0699d63aef20df3f1cffa9ca2bb8670416271d2,BRETT,Brett,9,ERC20
0xde342a3e269056fc3305f9e315f4c40d917ba521,BYTE,Byte,9,ERC20
0x6daa7069e4159d80cace0e19dc0ad72d46cbb91b,IBIT,IBIT,9,ERC20
0x77e06c9eccf2e797fd462a92b6d7642ef85b0a44,wTAO,Wrapped TAO,9,ERC20
0x25cbb21a9da7c3c63bb77ccca5b2e2482aedb710,HOBA,Honey Badger,9,ERC20
0x607f4c5bb672230e8672085532f7e901544a7375,RLC,iEx.ec Network Token,9,ERC20
0xf6ce4be313ead51511215f1874c898239a331e37,BIRDDOG,Bird Dog,9,ERC20
0x85f7cfe910393fb5593c65230622aa597e4223f1,NITEFEEDER,Nitefeeder,9,ERC20
0x8ccd897ca6160ed76755383b201c1948394328c7,wBAI,Wrapped Balance AI,9,ERC20
0x7de91b204c1c737bcee6f000aaa6569cf7061cb7,XRT,Robonomics,9,ERC20
0x9e18d5bab2fa94a6a95f509ecb38f8f68322abd3,OMIKAMI,AMATERASU OMIKAMI,9,ERC20
0xb5b1b659da79a2507c27aad509f15b4874edc0cc,DUST,DUST Protocol,9,ERC20
0xfac0403a24229d7e2edd994d50f5940624cbeac2,THEO,Theopetra,9,ERC20
0xb60acd2057067dc9ed8c083f5aa227a244044fd6,stTAO,Tensorplex Staked TAO,9,ERC20
0x1ae7e1d0ce06364ced9ad58225a1705b3e5db92b,LMEOW,lmeow,9,ERC20
0x9e22b4f836a461ddc7765e5fad693688e76e6069,CHAD,CHAD FROG,9,ERC20
0x66e564819340cc2f54abceb4e49941fa07e426b4,BRETT,BRETT,9,ERC20
0x0880164084017b8d49baa0a33f545ad55914e9fd,DTI,Donald Trump Inu,9,ERC20
0x3819f64f282bf135d62168c1e513280daf905e06,HDRN,Hedron,9,ERC20
0xe3b9cfb8ea8a4f1279fbc28d3e15b4d2d86f18a0,FOTTIE,Fottie,9,ERC20
0x5888641e3e6cbea6d84ba81edb217bd691d3be38,BOBO,Bobo,9,ERC20
0x892a6f9df0147e5f079b0993f486f9aca3c87881,xFUND,unification.com/xfund,9,ERC20
0x8390a1da07e376ef7add4be859ba74fb83aa02d5,GROK,GROK,9,ERC20
0xaee9ba9ce49fe810417a36408e34d9962b653e78,SNIBBU,Snibbu,9,ERC20
0xac3e018457b222d93114458476f3e3416abbe38f,sfrxETH,Staked Frax Ether,18,ERC20
0x111111111117dc0aa78b770fa6a738034120c302,1INCH,1INCH Token,18,ERC20
0x48c3399719b582dd63eb5aadf12a40b4c3f52fa2,SWISE,StakeWise,18,ERC20
0xaaaaaa20d9e0e2461697782ef11675f668207961,AURORA,Aurora,18,ERC20
0xc221b7e65ffc80de234bbb6667abdd46593d34f0,wCFG,Wrapped Centrifuge,18,ERC20
0xcc08086af6458e8de650629fd706206764ac9eeb,ZOGZ,ZOGZ,18,ERC20
0xe41d2489571d322189246dafa5ebde1f4699f498,ZRX,0x Protocol Token,18,ERC20
0x57f5e098cad7a3d1eed53991d4d66c45c9af7812,wUSDM,Wrapped Mountain Protocol USD,18,ERC20
0x8afe4055ebc86bd2afb3940c0095c9aca511d852,AIUS,Arbius,18,ERC20
0x64bc2ca1be492be7185faa2c8835d9b824c8a194,BIGTIME,Big Time,18,ERC20
0x0000000000ca73a6df4c58b84c5b4b847fe8ff39,ASTX,Asterix,18,ERC20
0x4e352cf164e64adcbad318c3a1e222e9eba4ce42,MCB,MCDEX Token,18,ERC20
0x519c1001d550c0a1dae7d1fc220f7d14c2a521bb,PSWAP,Polkaswap,18,ERC20
0x6a445e9f40e0b97c92d0b8a3366cef1d67f700bf,FIDU,Fidu,18,ERC20
0x88800092ff476844f74dc2fc427974bbee2794ae,WALLET,Ambire Wallet,18,ERC20
0x68bbed6a47194eff1cf514b50ea91895597fc91e,ANDY,Andy,18,ERC20
0x41ea5d41eeacc2d5c4072260945118a13bb7ebce,CRE,CRESO,18,ERC20
0x090185f2135308bad17527004364ebcc2d37e5f6,SPELL,Spell Token,18,ERC20
0x370a366f402e2e41cdbbe54ecec12aae0cce1955,TOAD,TOAD KILLER,18,ERC20
0x4104b135dbc9609fc1a9490e61369036497660c8,APW,APWine Token,18,ERC20
0xbbbbbbb5aa847a2003fbc6b5c16df0bd1e725f61,BPRO,B.Protocol,18,ERC20
0xdbdb4d16eda451d0503b854cf79d55697f90c8df,ALCX,Alchemix,18,ERC20
0x33349b282065b0284d756f0577fb39c158f935e6,MPL,Maple Token,18,ERC20
0x8290333cef9e6d528dd5618fb97a76f268f3edd4,ANKR,Ankr Network,18,ERC20
0xbb0e17ef65f82ab018d8edd776e8dd940327b28b,AXS,Axie Infinity Shard,18,ERC20
0xf939e0a03fb07f59a73314e73794be0e57ac1b4e,crvUSD,Curve.Fi USD Stablecoin,18,ERC20
0xfe2e637202056d30016725477c5da089ab0a043a,sETH2,StakeWise Staked ETH2,18,ERC20
0x3d000462fb9826804a45c0ea869b83b69587f2db,CMPT,SpatialComputing,18,ERC20
0x8881562783028f5c1bcb985d2283d5e170d88888,SHFL,Shuffle,18,ERC20
0xeaa63125dd63f10874f99cdbbb18410e7fc79dd3,HEMULE,Hemule,18,ERC20
0x183395dbd0b5e93323a7286d1973150697fffcb3,cvxFXN,Convex FXN,18,ERC20
0x26607ac599266b21d13c7acf7942c7701a8b699c,PIPT,Power Index Pool Token,18,ERC20
0x27702a26126e0b3702af63ee09ac4d1a084ef628,ALEPH,aleph.im v2,18,ERC20
0x36e66fbbce51e4cd5bd3c62b637eb411b18949d4,OMNI,Omni Network,18,ERC20
0x0240e59e6ae33b58db7360f7c693429eab7d4ac3,BTC,BTC,18,ERC20
0xe76c6c83af64e4c60245d8c7de953df673a7a33d,RAIL,Rail,18,ERC20
0x40d16fc0246ad3160ccc09b8d0d3a2cd28ae6c2f,GHO,Gho Token,18,ERC20
0x72e364f2abdc788b7e918bc238b21f109cd634d7,MVI,Metaverse Index,18,ERC20
0xa21af1050f7b26e0cff45ee51548254c41ed6b5c,OSAK,Osaka Protocol,18,ERC20
0xd2877702675e6ceb975b4a1dff9fb7baf4c91ea9,LUNC,Wrapped LUNA Token,18,ERC20
0x4c9edd5852cd905f086c759e8383e09bff1e68b3,USDe,USDe,18,ERC20
0xf19308f923582a6f7c465e5ce7a9dc1bec6665b1,TITANX,TITAN X,18,ERC20
0x0de05f6447ab4d22c8827449ee4ba2d5c288379b,OOKI,Ooki Token,18,ERC20
0x7f39c581f595b53c5cb19bd0b3f8da6c935e2ca0,wstETH,Wrapped liquid staked Ether 2.0,18,ERC20
0xc7283b66eb1eb5fb86327f08e1b5816b0720212b,TRIBE,Tribe,18,ERC20
0xdab396ccf3d84cf2d07c4454e10c8a6f5b008d2b,GFI,Goldfinch,18,ERC20
0xe75f2acafba1ad56c5ed712ffbc1d31910e74396,KAI,Komputai,18,ERC20
0x42476f744292107e34519f9c357927074ea3f75d,LOOM,Loom Token,18,ERC20
0x4946fcea7c692606e8908002e55a582af44ac121,FOAM,FOAM Token,18,ERC20
0x7d1afa7b718fb893db30a3abc0cfc608aacfebb0,MATIC,Matic Token,18,ERC20
0xaea46a60368a7bd060eec7df8cba43b7ef41ad85,FET,Fetch,18,ERC20
0xc944e90c64b2c07662a292be6244bdf05cda44a7,GRT,Graph Token,18,ERC20
0xfc0d6cf33e38bce7ca7d89c0e292274031b7157a,NTVRK,NETVRK,18,ERC20
0xe485e2f1bab389c08721b291f6b59780fec83fd7,SHU,Shutter Token,18,ERC20
0xb1f1ee126e9c96231cc3d3fad7c08b4cf873b1f1,BIFI,Beefy,18,ERC20
0x26ea1f595f6567b7050fbba24f6a66e19db4d560,APE$,APE Punk,18,ERC20
0x30d20208d987713f46dfd34ef128bb16c404d10f,SD,Stader,18,ERC20
0x73d7c860998ca3c01ce8c808f5577d94d545d1b4,IXS,Ixs Token,18,ERC20
0x88df592f8eb5d7bd38bfef7deb0fbc02cf3778a0,TRB,Tellor Tributes,18,ERC20
0xa71d0588eaf47f12b13cf8ec750430d21df04974,QOM,Shiba Predator,18,ERC20
0xa8c8cfb141a3bb59fea1e2ea6b79b5ecbcd7b6ca,NOIA,NOIA Token,18,ERC20
0x40a9a694197a0b4b92f2aad48da6bc1b6ff194e9,@LFG,@LFG,18,ERC20
0x15e6e0d4ebeac120f9a97e71faa6a0235b85ed12,SAVM,SatoshiVM,18,ERC20
0x6602e9319f2c5ec0ba31ffcdc4301d7ef03b709e,wBRGE,Wrapped-BRGE,18,ERC20
0x6e2a43be0b1d33b726f0ca3b8de60b3482b8b050,ARKM,Arkham,18,ERC20
0x00c5ca160a968f47e7272a0cfcda36428f386cb6,USDEBT,USDEBT,18,ERC20
0x9559aaa82d9649c7a7b220e7c461d2e74c9a3593,rETH,StaFi,18,ERC20
0xbdab72602e9ad40fc6a6852caf43258113b8f7a5,eSOV,eSOV,18,ERC20
0xf3768d6e78e65fc64b8f12ffc824452130bd5394,KEROSENE,Kerosene,18,ERC20
0x826180541412d574cf1336d22c0c0a287822678a,FLIP,Chainflip,18,ERC20
0x1e228d662486b7deb6a39305b122677b26016155,KUROMI,Kuromi Special,18,ERC20
0x2d94aa3e47d9d5024503ca8491fce9a2fb4da198,BANK,Bankless Token,18,ERC20
0xa62cc35625b0c8dc1faea39d33625bb4c15bd71c,STMX,StormX,18,ERC20
0xf4308b0263723b121056938c2172868e408079d0,CRYO,CryoDAO,18,ERC20
0x3d806324b6df5af3c1a81acba14a8a62fe6d643f,SOLANA,BarbieCrashBandicootRFK888Inu,18,ERC20
0x43a96962254855f16b925556f9e97be436a43448,HORD,HORD Token,18,ERC20
0x9f52c8ecbee10e00d9faaac5ee9ba0ff6550f511,SIPHER,Sipher Token,18,ERC20
0xa1290d69c65a6fe4df752f95823fae25cb99e5a7,rsETH,rsETH,18,ERC20
0x4b520c812e8430659fc9f12f6d0c39026c83588d,DG,Decentral Games,18,ERC20
0xa8b919680258d369114910511cc87595aec0be6d,LYXe,LUKSO Token,18,ERC20
0xd084944d3c05cd115c09d072b9f44ba3e0e45921,FOLD,Manifold Finance,18,ERC20
0x12ef10a4fc6e1ea44b4ca9508760ff51c647bb71,RSTK,Restake Finance,18,ERC20
0x0d88ed6e74bbfd96b831231638b66c05571e824f,AVT,"",18,ERC20
0xb31ef9e52d94d4120eb44fe1ddfde5b4654a6515,DOSE,DOSE,18,ERC20
0xda31d0d1bc934fc34f7189e38a413ca0a5e8b44f,BSSB,BSSB,18,ERC20
0xa7606281f7808167b5faf89f4d898685a8b87549,YAMA,dogwifyama,18,ERC20
0x747e550a7b848ace786c3cfe754aa78febc8a022,DODO,DODO,18,ERC20
0x8e4d27d772099e18900caf5dcc36cb612dcee886,ARCX,Architex,18,ERC20
0x15f20f9dfdf96ccf6ac96653b7c0abfe4a9c9f0f,WSB,WALL STREET BABY,18,ERC20
0x6399c842dd2be3de30bf99bc7d1bbf6fa3650e70,PREMIA,Premia,18,ERC20
0x6bea7cfef803d1e3d5f7c0103f7ded065644e197,GAMMA,Gamma,18,ERC20
0xf62847e9a9dd2e7c0480b25ab99e71b7c1da6ced,mooSilocrvUSD,Moo Silo crvUSD,18,ERC20
0xca14007eff0db1f8135f4c25b34de49ab0d42766,STRK,StarkNet Token,18,ERC20
0x1f573d6fb3f13d689ff844b4ce37794d79a7ff1c,BNT,Bancor Network Token,18,ERC20
0x543ff227f64aa17ea132bf9886cab5db55dcaddf,GEN,DAOstack,18,ERC20
0x6123b0049f904d730db3c36a31167d9d4121fa6b,RBN,Ribbon,18,ERC20
0x767fe9edc9e0df98e07454847909b5e959d7ca0e,ILV,Illuvium,18,ERC20
0x9a96ec9b57fb64fbc60b423d1f4da7691bd35079,AJNA,AjnaToken,18,ERC20
0x584bc13c7d411c00c01a62e8019472de68768430,HEGIC,Hegic,18,ERC20
0x675bbc7514013e2073db7a919f6e4cbef576de37,CLS,Coldstack,18,ERC20
0x726516b20c4692a6bea3900971a37e0ccf7a6bff,FRG,Frog Coin,18,ERC20
0xfe0c30065b384f05761f15d0cc899d4f9f9cc0eb,ETHFI,ether.fi governance token,18,ERC20
0x78a0a62fba6fb21a83fe8a3433d44c73a4017a6f,OX,Open Exchange Token,18,ERC20
0x0d438f3b5175bebc262bf23753c1e53d03432bde,wNXM,Wrapped NXM,18,ERC20
0x95ad61b0a150d79219dcf64e1e6cc01f0b64c4ce,SHIB,SHIBA INU,18,ERC20
0xdd1ad9a21ce722c151a836373babe42c868ce9a4,UBI,Universal Basic Income,18,ERC20
0xfeef77d3f69374f66429c91d732a244f074bdf74,cvxFXS,Convex FXS,18,ERC20
0x455e53cbb86018ac2b8092fdcd39d8444affc3f6,POL,Polygon Ecosystem Token,18,ERC20
0x44971abf0251958492fee97da3e5c5ada88b9185,basedAI,basedAI,18,ERC20
0x3ba925fdeae6b46d0bb4d424d829982cb2f7309e,RBX,RabbitX,18,ERC20
0xdb82c0d91e057e05600c8f8dc836beb41da6df14,SLN,Smart Layer Network Token,18,ERC20
0x8c7ac134ed985367eadc6f727d79e8295e11435c,Kekec,The Balkan Dwarf,18,ERC20
0xa91ac63d040deb1b7a5e4d4134ad23eb0ba07e14,BEL,Bella,18,ERC20
0xba386a4ca26b85fd057ab1ef86e3dc7bdeb5ce70,JESUS,Jesus Coin,18,ERC20
0xf418588522d5dd018b425e472991e52ebbeeeeee,PUSH,Ethereum Push Notification Service,18,ERC20
0xfe67a4450907459c3e1fff623aa927dd4e28c67a,NEXT,Connext,18,ERC20
0x583019ff0f430721ada9cfb4fac8f06ca104d0b4,st-yETH,Staked Yearn Ether,18,ERC20
0x0f2d719407fdbeff09d87557abb7232601fd9f29,SYN,Synapse,18,ERC20
0x5afe3855358e112b5647b952709e6165e1c1eeee,SAFE,Safe Token,18,ERC20
0x5e74c9036fb86bd7ecdcb084a0673efc32ea31cb,sETH,Synth sETH,18,ERC20
0xae78736cd615f374d3085123a210448e74fc6393,rETH,Rocket Pool ETH,18,ERC20
0xc5170dd7386247cdb8c48545c803f5d0e3347022,Ti,Titanium22,18,ERC20
0xda47862a83dac0c112ba89c6abc2159b95afd71c,PRISMA,Prisma Governance Token,18,ERC20
0x58b6a8a3302369daec383334672404ee733ab239,LPT,Livepeer Token,18,ERC20
0xa5f2211b9b8170f694421f2046281775e8468044,THOR,THORSwap Token,18,ERC20
0xcb84d72e61e383767c4dfeb2d8ff7f4fb89abc6e,VEGA,VEGA,18,ERC20
0x8248270620aa532e4d64316017be5e873e37cc09,DEVVE,DevvE,18,ERC20
0x01597e397605bf280674bf292623460b4204c375,BENT,Bent Token,18,ERC20
0x183015a9ba6ff60230fdeadc3f43b3d788b13e21,R,R Stablecoin,18,ERC20
0x6f80310ca7f2c654691d1383149fa1a57d8ab1f8,Silo,Silo Governance Token,18,ERC20
0xe88f8313e61a97cec1871ee37fbbe2a8bf3ed1e4,VAL,Sora Validator Token,18,ERC20
0xfaba6f8e4a5e8ab82f62fe7c39859fa577269be3,ONDO,Ondo,18,ERC20
0x069d89974f4edabde69450f9cf5cf7d8cbd2568d,BVM,BVM,18,ERC20
0x1494ca1f11d487c2bbe4543e90080aeba4ba3c2b,DPI,DefiPulse Index,18,ERC20
0x27b5739e22ad9033bcbf192059122d163b60349d,st-yCRV,Staked Yearn CRV Vault,18,ERC20
0x2a3bff78b79a009976eea096a51a948a3dc00e34,WILD,Wilder,18,ERC20
0x2a7e415c169ce3a580c6f374dc26f6aaad1eccfe,HACHI,HACHI,18,ERC20
0x320623b8e4ff03373931769a31fc52a4e78b5d70,RSR,Reserve Rights,18,ERC20
0x86772b1409b61c639eaac9ba0acfbb6e238e5f83,NDX,Indexed,18,ERC20
0x9ce115f0341ae5dabc8b477b74e83db2018a6f42,HAIR,HairDAO Token,18,ERC20
0xaeb3607ec434454ceb308f5cd540875efb54309a,STRDY,Sturdy Token,18,ERC20
0x58cb30368ceb2d194740b144eab4c2da8a917dcb,ZYN,ZynCoin,18,ERC20
0x0c5cb676e38d6973837b9496f6524835208145a2,KABO,KaboChan,18,ERC20
0xb50721bcf8d664c30412cfbc6cf7a15145234ad1,ARB,Arbitrum,18,ERC20
0xf57e7e7c23978c3caec3c3548e3d615c346e79ff,IMX,Immutable X,18,ERC20
0x1cfa5641c01406ab8ac350ded7d735ec41298372,CJPY,Convertible JPY Token,18,ERC20
0x6982508145454ce325ddbe47a25d4ec3d2311933,PEPE,Pepe,18,ERC20
0xb3999f658c0391d94a37f7ff328f3fec942bcadc,HFT,Hashflow,18,ERC20
0xb9d7dddca9a4ac480991865efef82e01273f79c3,bLUSD,bLUSD,18,ERC20
0x549020a9cb845220d66d3e9c6d9f9ef61c981102,SIDUS,SIDUS,18,ERC20
0x65ee1361596439664059d1a5ef44014d08c95693,NEURALINK,Neuralink,18,ERC20
0x73968b9a57c6e53d41345fd57a6e6ae27d6cdb2f,SDT,Stake DAO Token,18,ERC20
0xdc8af07a7861bedd104b8093ae3e9376fc8596d2,RVF,Rocket Vault,18,ERC20
0xf65b5c5104c4fafd4b709d9d60a185eae063276c,TRU,Truebit,18,ERC20
0xfffffffff15abf397da76f1dcc1a1604f45126db,FSW,FalconSwap Token,18,ERC20
0x619e398858a3110df4d89056a15a40338a01e65f,$GARBAGE,$GARBAGE,18,ERC20
0xc14b4d4ca66f40f352d7a50fd230ef8b2fb3b8d4,TOOLS,BLOCKTOOLS,18,ERC20
0x333a4823466879eef910a04d473505da62142069,NATION,Nation3,18,ERC20
0x83f20f44975d03b1b09e64809b757c47f942beea,sDAI,Savings Dai,18,ERC20
0xa663b02cf0a4b149d2ad41910cb81e23e1c41c32,sFRAX,Staked FRAX,18,ERC20
0xd9a442856c234a39a81a089c06451ebaa4306a72,pufETH,pufETH,18,ERC20
0x4c11249814f11b9346808179cf06e71ac328c1b5,ORAI,Oraichain Token,18,ERC20
0xdd66781d0e9a08d4fbb5ec7bac80b691be27f21d,AXGT,AxonDAO Governance Token,18,ERC20
0xcd5fe23c85820f7b72d0926fc9b05b43e359b7ee,weETH,Wrapped eETH,18,ERC20
0x80f0c1c49891dcfdd40b6e0f960f84e6042bcb6f,DXN,DBXen Token,18,ERC20
0xce722f60f35c37ab295adc4e6ba45bcc7ca89dd6,JPGD,JPEGâ€™d,18,ERC20
0x328a268b191ef593b72498a9e8a481c086eb21be,MZERO,MetaZero,18,ERC20
0xe3dbc4f88eaa632ddf9708732e2832eeaa6688ab,AIUS,Arbius,18,ERC20
0x993864e43caa7f7f12953ad6feb1d1ca635b875f,SDAO,Singularity Dao,18,ERC20
0xbadff0ef41d2a68f22de21eabca8a59aaf495cf0,Kabosu,Kabosu,18,ERC20
0xfca59cd816ab1ead66534d82bc21e7515ce441cf,RARI,Rarible,18,ERC20
0x2be056e595110b30ddd5eaf674bdac54615307d9,APUFF,APUFF,18,ERC20
0x758b4684be769e92eefea93f60dda0181ea303ec,PHONON,Phonon DAO,18,ERC20
0x94e496474f1725f1c1824cb5bdb92d7691a4f03a,BANANA,Banana,18,ERC20
0xaa7a9ca87d3694b5755f213b5d04094b8d0f0a6f,TRAC,Trace Token,18,ERC20
0x79f4a9ed7a6196c67a2d6bce8ec55e9f18802018,yvCurve-oETH-f,Curve oETH Factory yVault,18,ERC20
0x5c6ee304399dbdb9c8ef030ab642b10820db8f56,B-80BAL-20WETH,Balancer 80 BAL 20 WETH,18,ERC20
0xc770eefad204b5180df6a14ee197d99d808ee52d,FOX,FOX,18,ERC20
0x33d0568941c0c64ff7e0fb4fba0b11bd37deed9f,RAMP,RAMP DEFI,18,ERC20
0x76e222b07c53d28b89b0bac18602810fc22b49a8,JOE,Joe Coin,18,ERC20
0x508e00d5cef397b02d260d035e5ee80775e4c821,1CAT,Bitcoin Cats,18,ERC20
0x02e7f808990638e9e67e1f00313037ede2362361,KIBSHI,KiboShib,18,ERC20
0x9343e24716659a3551eb10aff9472a2dcad5db2d,STFX,STFX,18,ERC20
0xc4de189abf94c57f396bd4c52ab13b954febefd8,B20,B.20,18,ERC20
0xd8912c10681d8b21fd3742244f44658dba12264e,PLU,Pluton,18,ERC20
0xe3944ab788a60ca266f1eec3c26925b95f6370ad,RAIN,Precipitate.AI,18,ERC20
0x00c83aecc790e8a4453e5dd3b0b4b3680501a7a7,SKL,SKALE,18,ERC20
0xc91a71a1ffa3d8b22ba615ba1b9c01b2bbbf55ad,ZZ,ZigZag,18,ERC20
0x3fa729b4548becbad4eab6ef18413470e6d5324c,MOVE,Holyheld,18,ERC20
0x4d224452801aced8b2f0aebe155379bb5d594381,APE,ApeCoin,18,ERC20
0x7fc66500c84a76ad7e9c93437bfc5ac33e2ddae9,AAVE,Aave Token,18,ERC20
0xba3335588d9403515223f109edc4eb7269a9ab5d,GEAR,Gearbox,18,ERC20
0xc2544a32872a91f4a553b404c6950e89de901fdb,FPIS,Frax Price Index Share,18,ERC20
0xf17e65822b568b3903685a7c9f496cf7656cc6c2,BICO,Biconomy Token,18,ERC20
0x051d7e5609917bd9b73f04bac0ded8dd46a74301,crvWSBTC,Curve.fi wBTC/sBTC,18,ERC20
0x909e34d3f6124c324ac83dcca84b74398a6fa173,$ZKP,$ZKP Token,18,ERC20
0xa1faa113cbe53436df28ff0aee54275c13b40975,ALPHA,AlphaToken,18,ERC20
0xf4b5470523ccd314c6b9da041076e7d79e0df267,BBANK,BlockBank,18,ERC20
0x1f9840a85d5af5bf1d1762f925bdaddc4201f984,UNI,Uniswap,18,ERC20
0x9dfad1b7102d46b1b197b90095b5c4e9f5845bba,BOTTO,Botto,18,ERC20
0x2541a36be4cd39286ed61a3e6afc2307602489d6,DOGE20,Dogecoin20,18,ERC20
0x037a54aab062628c9bbae1fdb1583c195585fe41,LCX,LCX,18,ERC20
0x66761fa41377003622aee3c7675fc7b5c1c2fac5,CPOOL,Clearpool,18,ERC20
0xacd2c239012d17beb128b0944d49015104113650,KARRAT,KarratCoin,18,ERC20
0xa882606494d86804b5514e07e6bd2d6a6ee6d68a,WPLS,Wrapped Pulse from PulseChain,18,ERC20
0x269616d549d7e8eaa82dfb17028d0b212d11232a,PUNK,CryptoPunks,18,ERC20
0x51cb253744189f11241becb29bedd3f1b5384fdb,DMTR,Dimitra Token,18,ERC20
0x6c28aef8977c9b773996d0e8376d2ee379446f2f,QUICK,Quickswap,18,ERC20
0x6de037ef9ad2725eb40118bb1702ebb27e4aeb24,RNDR,Render Token,18,ERC20
0x853d955acef822db058eb8505911ed77f175b99e,FRAX,Frax,18,ERC20
0xc5102fe9359fd9a28f877a67e36b0f050d81a3cc,HOP,Hop,18,ERC20
0xcb86c6a22cb56b6cf40cafedb06ba0df188a416e,SURE,inSure,18,ERC20
0xed35af169af46a02ee13b9d79eb57d6d68c1749e,OMI,OMI Token,18,ERC20
0x17c50d62e6e8d20d2dc18e9ad79c43263d0720d9,NFAi,Not Financial Advice,18,ERC20
0x93ed3fbe21207ec2e8f2d3c3de6e058cb73bc04d,PNK,Pinakion,18,ERC20
0x69457a1c9ec492419344da01daf0df0e0369d5d0,FJO,Fjord Foundry,18,ERC20
0x000000007a58f5f58e697e51ab0357bc9e260a04,CNV,Concave,18,ERC20
0xba5bde662c17e2adff1075610382b9b691296350,RARE,SuperRare,18,ERC20
0xe60779cc1b2c1d0580611c526a8df0e3f870ec48,USH,unshETHing_Token,18,ERC20
0x9609b540e5dedddb147abbf9812ade06b1e61b2c,MICKEY,Steamboat Willie,18,ERC20
0x33abe795f9c1b6136608c36db211bd7590f5fdae,WOLF,Landwolf,18,ERC20
0xc00e94cb662c3520282e6f5717214004a7f26888,COMP,Compound,18,ERC20
0xd533a949740bb3306d119cc777fa900ba034cd52,CRV,Curve DAO Token,18,ERC20
0x227c7df69d3ed1ae7574a1a7685fded90292eb48,MILADY,Milady Maker,18,ERC20
0x1559fa1b8f28238fd5d76d9f434ad86fd20d1559,EDEN,Eden,18,ERC20
0x24c19f7101c1731b85f1127eaa0407732e36ecdd,SGT,Sharedstake.finance,18,ERC20
0x4bdcb66b968060d9390c1d12bd29734496205581,ACQ,Acquire.Fi,18,ERC20
0xa95c5ebb86e0de73b4fb8c47a45b792cfea28c23,SDL,stake.link,18,ERC20
0x64d91f12ece7362f91a6f8e7940cd55f05060b92,ASH,Burn,18,ERC20
0x81f8f0bb1cb2a06649e51913a151f0e7ef6fa321,VITA,VitaDAO Token,18,ERC20
0xc0c293ce456ff0ed870add98a0828dd4d2903dbf,AURA,Aura,18,ERC20
0x93c9175e26f57d2888c7df8b470c9eea5c0b0a93,BCUBE,b-cube.ai Token,18,ERC20
0xf5264e1673c9365e7c5d4d1d8b440bbf131ff435,vitalek,vitalek buteren,18,ERC20
0x5a98fcbea516cf06857215779fd812ca3bef1b32,LDO,Lido DAO Token,18,ERC20
0x7ae1d57b58fa6411f32948314badd83583ee0e8c,PAPER,Paper,18,ERC20
0xa35923162c49cf95e6bf26623385eb431ad920d3,TURBO,Turbo,18,ERC20
0xf05e58fcea29ab4da01a495140b349f8410ba904,clevCVX,CLever CVX,18,ERC20
0x23894dc9da6c94ecb439911caf7d337746575a72,JAM,Geojam,18,ERC20
0x4bd70556ae3f8a6ec6c4080a0c327b24325438f3,HXRO,Hxro,18,ERC20
0x5f64ab1544d28732f0a24f4713c2c8ec0da089f0,DEXTF,DEXTF Token,18,ERC20
0x7f0c8b125040f707441cad9e5ed8a8408673b455,NEBO,CSP DAO,18,ERC20
0xd417144312dbf50465b1c641d016962017ef6240,CQT,Covalent Query Token,18,ERC20
0x2863a328a0b7fc6040f11614fa0728587db8e353,multibtc3CRV-f,Curve.fi Factory USD Metapool: multiBTC+WBTC/sBTC,18,ERC20
0x5f98805a4e8be255a32880fdec7f6728c6568ba0,LUSD,LUSD Stablecoin,18,ERC20
0xa0246c9032bc3a600820415ae600c6388619a14d,FARM,FARM Reward Token,18,ERC20
0xf519381791c03dd7666c142d4e49fd94d3536011,ASIA,ASIA COIN,18,ERC20
0xbc544207ff1c5b2bc47a35f745010b603b97e99e,AI,AI PIN,18,ERC20
0xec67005c4e498ec7f55e092bd1d35cbc47c91892,MLN,Melon Token,18,ERC20
0x38e68a37e401f7271568cecaac63c6b1e19130b4,BANANA,Banana,18,ERC20
0x01ba67aac7f75f647d94220cc98fb30fcc5105bf,LYRA,Lyra Token,18,ERC20
0x120a3879da835a5af037bb2d1456bebd6b54d4ba,RVST,Revest,18,ERC20
0x198d7387fa97a73f05b8578cdeff8f2a1f34cd1f,wjAURA,Wrapped Jones AURA,18,ERC20
0xdd69db25f6d620a7bad3023c5d32761d353d3de9,GETH,Goerli ETH,18,ERC20
0xdef1ca1fb7fbcdc777520aa7f396b4e015f497ab,COW,CoW Protocol Token,18,ERC20
0x21413c119b0c11c5d96ae1bd328917bc5c8ed67e,GENE,GenomesDAO,18,ERC20
0x6100dd79fcaa88420750dcee3f735d168abcb771,OS,Ethereans,18,ERC20
0xef3a930e1ffffacd2fc13434ac81bd278b0ecc8d,FIS,StaFi,18,ERC20
0x0001a500a6b18995b03f44bb040a5ffc28e45cb0,OLAS,Autonolas,18,ERC20
0x5e3346444010135322268a4630d2ed5f8d09446c,LOC,LockChain,18,ERC20
0x74232704659ef37c08995e386a2e26cc27a8d7b1,STRK,Strike Token,18,ERC20
0xad038eb671c44b853887a7e32528fab35dc5d710,DBR,Dola Borrowing Right,18,ERC20
0xaf5191b0de278c7286d6c7cc6ab6bb8a73ba2cd6,STG,StargateToken,18,ERC20
0x67466be17df832165f8c80a5a120ccc652bd7e69,WOLF,Landwolf,18,ERC20
0x470c8950c0c3aa4b09654bc73b004615119a44b5,KIZUNA,KIZUNA,18,ERC20
0x50d1c9771902476076ecfc8b2a83ad6b9355a4c9,FTX Token,FTT,18,ERC20
0x15f74458ae0bfdaa1a96ca1aa779d715cc1eefe4,GRAI,Gravita Debt Token,18,ERC20
0x6f6382f241e3c6ee0e9bee2390d91a73adc0afff,TMNT,Teenage Mutant Ninja Turtles,18,ERC20
0x1294f4183763743c7c9519bec51773fb3acd78fd,FI,Fideum,18,ERC20
0xc18360217d8f7ab5e7c516566761ea12ce7f9d72,ENS,Ethereum Name Service,18,ERC20
0x0fd10b9899882a6f2fcb5c371e17e70fdee00c38,PUNDIX,Pundi X Token,18,ERC20
0x44709a920fccf795fbc57baa433cc3dd53c44dbe,RADAR,DappRadar,18,ERC20
0xcd46d92c46be1dbbd5ccc497e95611abe9d507bc,FACE,ChainFaces,18,ERC20
0xfe3e6a25e6b192a42a44ecddcd13796471735acf,REEF,Reef.finance,18,ERC20
0x8457ca5040ad67fdebbcc8edce889a335bc0fbfb,ALT,AltLayer Token,18,ERC20
0x491604c0fdf08347dd1fa4ee062a822a5dd06b5d,CTSI,Cartesi Token,18,ERC20
0x69af81e73a73b40adf4f3d4223cd9b1ece623074,MASK,Mask Network,18,ERC20
0xb3ad645db386d7f6d753b2b9c3f4b853da6890b8,CTR,Concentrator Token,18,ERC20
0xc5f0f7b66764f6ec8c8dff7ba683102295e16409,FDUSD,First Digital USD,18,ERC20
0xccc8cb5229b0ac8069c51fd58367fd1e622afd97,GODS,Gods Unchained,18,ERC20
0x839be37eb440c394b5fd0a67b45009b1a7e5620a,GAIN,GAIN,18,ERC20
0xe5018913f2fdf33971864804ddb5fca25c539032,OLM,OpenLM RevShare Token,18,ERC20
0xb23d80f5fefcddaa212212f028021b41ded428cf,PRIME,Prime,18,ERC20
0xb6ca7399b4f9ca56fc27cbff44f4d2e4eef1fc81,MUSE,Muse,18,ERC20
0xba100000625a3754423978a60c9317c58a424e3d,BAL,Balancer,18,ERC20
0x5ac34c53a04b9aaa0bf047e7291fb4e8a48f2a18,NAI,Nuklai Token,18,ERC20
0x8e3a59427b1d87db234dd4ff63b25e4bf94672f4,KEP,Kelp Earned Point,18,ERC20
0x4591dbff62656e7859afe5e45f6f47d3669fbb28,mkUSD,Prisma mkUSD,18,ERC20
0x788d86e00ab31db859c3d6b80d5a9375801d7f2a,TENET,TENET,18,ERC20
0x24fcfc492c1393274b6bcd568ac9e225bec93584,MAVIA,Heroes of Mavia,18,ERC20
0x36f3fd68e7325a35eb768f1aedaae9ea0689d723,ESD,Empty Set Dollar,18,ERC20
0xcfcffe432a48db53f59c301422d2edd77b2a88d7,TEXAN,TEXAN Token,18,ERC20
0xbf5495efe5db9ce00f80364c8b423567e58d2110,ezETH,Renzo Restaked ETH,18,ERC20
0xcce4c7348a208aba0a5b1e3bfadb96222f051662,pBASED,BasedAI pod,18,ERC20
0x1776e1f26f98b1a5df9cd347953a26dd3cb46671,NMR,Numeraire,18,ERC20
0x429881672b9ae42b8eba0e26cd9c73711b891ca5,PICKLE,PickleToken,18,ERC20
0x616e8bfa43f920657b3497dbf40d6b1a02d4608d,auraBAL,Aura BAL,18,ERC20
0x669c01caf0edcad7c2b8dc771474ad937a7ca4af,WMINIMA,Wrapped Minima,18,ERC20
0x875773784af8135ea0ef43b5a374aad105c5d39e,IDLE,Idle,18,ERC20
0x8d137e3337eb1b58a222fef2b2cc7c423903d9cf,SQGL,Chromie Squiggle,18,ERC20
0xbc396689893d065f41bc2c6ecbee5e0085233447,PERP,Perpetual,18,ERC20
0xcda16f62a8d3127ea0aebfacb221c1cc41b8e488,MINUTE,720 Minutes,18,ERC20
0xd23ac27148af6a2f339bd82d0e3cff380b5093de,SI,SIREN,18,ERC20
0xff20817765cb7f73d4bde2e66e067e58d11095c2,AMP,Amp,18,ERC20
0xf94e7d0710709388bce3161c32b4eea56d3f91cc,DSync,Destra Network,18,ERC20
0xba0dda8762c24da9487f5fa026a9b64b695a07ea,OX,OX Coin,18,ERC20
0x9ca98c8b217c3b45074834908555d36af2ac6449,SABR,SatsBridge,18,ERC20
0x27460aac4b005de72e2326bd8391c27fb41780f8,WINR,JustBet,18,ERC20
0x514910771af9ca656af840dff83e8264ecf986ca,LINK,ChainLink Token,18,ERC20
0x626e8036deb333b408be468f951bdb42433cbf18,AIOZ,AIOZ Network,18,ERC20
0xde8cd13b812bcd82218754a740b27e76ec1e86ad,TRESTLE,Trestle,18,ERC20
0xcdb4a8742ed7d0259b51e3454c46c9d6c48d5e88,GPT,GPT Protocol,18,ERC20
0x40a7df3df8b56147b781353d379cb960120211d7,MOBY,MobyToken,18,ERC20
0x0ab87046fbb341d058f17cbc4c1133f25a20a52f,gOHM,Governance OHM,18,ERC20
0x2e9d63788249371f1dfc918a52f8d799f4a38c94,TOKE,Tokemak,18,ERC20
0x419c4db4b9e25d6db2ad9691ccb832c8d9fda05e,DRGN,Dragon,18,ERC20
0x4dfae3690b93c47470b03036a17b23c1be05127c,PEPE,Pepe,18,ERC20
0x808507121b80c02388fad14726482e061b8da827,PENDLE,Pendle,18,ERC20
0x0bc529c00c6401aef6d220be8c6ea1667f6ad93e,YFI,yearn.finance,18,ERC20
0x940a2db1b7008b6c776d4faaca729d6d4a4aa551,DUSK,Dusk Network,18,ERC20
0xbbc2ae13b23d715c30720f079fcd9b4a74093505,ERN,@EthernityChain $ERN Token,18,ERC20
0xd101dcc414f310268c37eeb4cd376ccfa507f571,RSC,ResearchCoin,18,ERC20
0x0e192d382a36de7011f795acc4391cd302003606,FST,Futureswap Token,18,ERC20
0x2de509bf0014ddf697b220be628213034d320ece,DBI,Dont Buy Inu,18,ERC20
0x31c8eacbffdd875c74b94b077895bd78cf1e64a3,RAD,Radicle,18,ERC20
0x62d0a8458ed7719fdaf978fe5929c6d342b0bfce,BEAM,Beam,18,ERC20
0x1a7e4e63778b4f12a199c062f3efdd288afcbce8,agEUR,agEUR,18,ERC20
0x3432b6a60d23ca0dfca7761b7ab56459d9c964d0,FXS,Frax Share,18,ERC20
0x375abb85c329753b1ba849a601438ae77eec9893,PDT,Paragons DAO Token,18,ERC20
0x44108f0223a3c3028f5fe7aec7f9bb2e66bef82f,ACX,Across Protocol Token,18,ERC20
0x470ebf5f030ed85fc1ed4c2d36b9dd02e77cf1b7,TEMPLE,Temple,18,ERC20
0x5026f006b85729a8b14553fae6af249ad16c9aab,WOJAK,Wojak Coin,18,ERC20
0xbc6da0fe9ad5f3b0d58160288917aa56653660e9,alUSD,Alchemix USD,18,ERC20
0xeec2be5c91ae7f8a338e1e5f3b5de49d07afdc81,DPX,Dopex Governance Token,18,ERC20
0xfae103dc9cf190ed75350761e95403b7b8afa6c0,rswETH,rswETH,18,ERC20
0x703f249015718088cc390f1b9d8f681135732507,KET,Ryoshi Afterparty,18,ERC20
0x38e382f74dfb84608f3c1f10187f6bef5951de93,MUBI,MUBI,18,ERC20
0x3845badade8e6dff049820680d1f14bd3903a5d0,SAND,SAND,18,ERC20
0x61a35258107563f6b6f102ae25490901c8760b12,kitty,Kitty Inu,18,ERC20
0x62b9c7356a2dc64a1969e19c23e4f579f9810aa7,cvxCRV,Convex CRV,18,ERC20
0x686f2404e77ab0d9070a46cdfb0b7fecdd2318b0,LORDS,Lords,18,ERC20
0x2a8e1e676ec238d8a992307b495b45b3feaa5e86,OUSD,Origin Dollar,18,ERC20
0xf920e4f3fbef5b3ad0a25017514b769bdc4ac135,BAX,BABB BAX,18,ERC20
0xc52fafdc900cb92ae01e6e4f8979af7f436e2eb2,SEXY,Settled ETHXY Token,18,ERC20
0xed1167b6dc64e8a366db86f2e952a482d0981ebd,LBR,Lybra,18,ERC20
0xbe042e9d09cb588331ff911c2b46fd833a3e5bd6,PEPE,Pepe,18,ERC20
0x180dae91d6d56235453a892d2e56a3e40ba81df8,DOJO,DOJO,18,ERC20
0x6c3f90f043a72fa612cbac8115ee7e52bde6e490,3Crv,Curve.fi DAI/USDC/USDT,18,ERC20
0x6dea81c8171d0ba574754ef6f8b412f2ed88c54d,LQTY,LQTY,18,ERC20
0x8a854288a5976036a725879164ca3e91d30c6a1b,GET,Guaranteed Entrance Token,18,ERC20
0x9f8f72aa9304c8b593d555f12ef6589cc3a579a2,MKR,"",18,ERC20
0xc57d533c50bc22247d49a368880fb49a1caa39f7,PTF,PowerTrade Fuel Token,18,ERC20
0xfcc5c47be19d06bf83eb04298b026f81069ff65b,yCRV,Yearn CRV,18,ERC20
0xb478c6245e3d85d6ec3486b62ea872128d562541,$LOOT,LootBot,18,ERC20
0xb53ecf1345cabee6ea1a65100ebb153cebcac40f,O,Childhoods End,18,ERC20
0x4a029f7bcf33acb03547d8fa7be840347973e24e,MAZZE,MAZZE,18,ERC20
0x25931894a86d47441213199621f1f2994e1c39aa,CGPT,ChainGPT,18,ERC20
0x31429d1856ad1377a8a0079410b297e1a9e214c2,ANGLE,ANGLE,18,ERC20
0x43dfc4159d86f3a37a5a4b3d4580b888ad7d4ddd,DODO,DODO bird,18,ERC20
0x6b175474e89094c44da98b954eedeac495271d0f,DAI,Dai Stablecoin,18,ERC20
0x7420b4b9a0110cdc71fb720908340c03f9bc03ec,JASMY,JasmyCoin,18,ERC20
0x15d94ec1c8e98812dac23bf6a341bd6c83e4cb11,RICE,Simple Grain,18,ERC20
0x8ab2ff0116a279a99950c66a12298962d152b83c,ORDS,Ordiswap,18,ERC20
0x15b7c0c907e4c6b9adaaaabc300c08991d6cea05,GEL,Gelato Network Token,18,ERC20
0x6810e776880c02933d47db1b9fc05908e5386b96,GNO,Gnosis Token,18,ERC20
0xc719d010b63e5bbf2c0551872cd5316ed26acd83,DIP,Decentralized Insurance Protocol,18,ERC20
0xf3b9569f82b18aef890de263b84189bd33ebe452,CAW,A Hunters Dream,18,ERC20
0x7f3b4b68ca0238f387d8b1a8fbc002d0e6d4cd5b,KERMIT,Kermit,18,ERC20
0x3b9be07d622accaed78f479bc0edabfd6397e320,LSS,Lossless Token,18,ERC20
0x5eca7b975e34567d9460fa613013a7a6993ad185,BS,Blacksmith Token,18,ERC20
0x9d65ff81a3c488d585bbfb0bfe3c7707c7917f54,SSV,SSV Token,18,ERC20
0xae7ab96520de3a18e5e111b5eaab095312d7fe84,stETH,Liquid staked Ether 2.0,18,ERC20
0xb8c77482e45f1f44de1745f52c74426c631bdd52,BNB,BNB,18,ERC20
0xb90b2a35c65dbc466b04240097ca756ad2005295,BOBO,BOBO,18,ERC20
0xd1b5651e55d4ceed36251c61c50c889b36f6abb5,sdCRV,Stake DAO CRV,18,ERC20
0xd38bb40815d2b0c2d2c866e0c72c5728ffc76dd9,SIS,Symbiosis,18,ERC20
0xebd9d99a3982d547c5bb4db7e3b1f9f14b67eb83,ID,Everest ID,18,ERC20
0x046eee2cc3188071c02bfc1745a6b17c656e3f3d,RLB,Rollbit Coin,18,ERC20
0x89deb6c8918a42457bd6ddbcaaf979216c4d774c,HAI,HapticAI,18,ERC20
0x5faa989af96af85384b8a938c2ede4a7378d9875,GAL,Project Galaxy,18,ERC20
0x9813037ee2218799597d83d4a5b6f3b6778218d9,BONE,BONE SHIBASWAP,18,ERC20
0xa1d0e215a23d7030842fc67ce582a6afa3ccab83,YFII,YFII.finance,18,ERC20
0x857ffc55b1aa61a7ff847c82072790cae73cd883,EEFI,Elastic Finance Token,18,ERC20
0x02f92800f57bcd74066f5709f1daa1a4302df875,PEAS,Peapods,18,ERC20
0x365accfca291e7d3914637abf1f7635db165bb09,FXN,FXN Token,18,ERC20
0x04fa0d235c4abf4bcf4787af4cf447de572ef828,UMA,UMA Voting Token v1,18,ERC20
0x27c70cd1946795b66be9d954418546998b546634,LEASH,DOGE KILLER,18,ERC20
0x427a03fb96d9a94a6727fbcfbba143444090dd64,PIXL,PIXL,18,ERC20
0xc02aaa39b223fe8d0a0e5c4f27ead9083c756cc2,WETH,Wrapped Ether,18,ERC20
0xde30da39c46104798bb5aa3fe8b9e0e1f348163f,GTC,Gitcoin,18,ERC20
0xaa6e8127831c9de45ae56bb1b0d4d4da6e5665bd,ETH2x-FLI,ETH 2x Flexible Leverage Index,18,ERC20
0xba11d00c5f74255f56a5e366f4f77f5a186d7f55,BAND,BandToken,18,ERC20
0xbb1ee07d6c7baeb702949904080eb61f5d5e7732,DINU,Dogey-Inu,18,ERC20
0xc0f9bd5fa5698b6505f643900ffa515ea5df54a9,DONUT,Donut,18,ERC20
0xe95a203b1a91a908f9b9ce46459d101078c2c3cb,aETHc,aEthereum,18,ERC20
0x40fd72257597aa14c7231a7b1aaa29fce868f677,XOR,Sora Token,18,ERC20
0x4e3fbd56cd56c3e72c1403e103b45db9da5b9d2b,CVX,Convex Token,18,ERC20
0x949d48eca67b17269629c7194f4b727d4ef9e5d6,MC,Merit Circle,18,ERC20
0x0b7f0e51cd1739d6c96982d55ad8fa634dd43a9c,DMT,DMT,18,ERC20
0x0100546f2cd4c9d97f798ffc9755e47865ff7ee6,alETH,Alchemix ETH,18,ERC20
0x1bbf25e71ec48b84d773809b4ba55b6f4be946fb,VOW,Vow,18,ERC20
0x0f5d2fb29fb7d3cfee444a200298f468908cc942,MANA,Decentraland MANA,18,ERC20
0x2e2364966267b5d7d2ce6cd9a9b5bd19d9c7c6a9,VOICE,NIX Bridge Token,18,ERC20
0x40803cea2b2a32bda1be61d3604af6a814e70976,SPOOL,Spool DAO Token,18,ERC20
0x77571a64342667f7818520ef004b2b91f47a266b,SNM,SnailMoon,18,ERC20
0x7dd9c5cba05e151c895fde1cf355c9a1d5da6429,GLM,Golem Network Token,18,ERC20
0x710287d1d39dcf62094a83ebb3e736e79400068a,ENQAI,enqAI,18,ERC20
0xaaee1a9723aadb7afa2810263653a34ba2c21c7a,Mog,Mog Coin,18,ERC20
0x402f878bdd1f5c66fdaf0fababcf74741b68ac36,sdFXS,Stake DAO FXS,18,ERC20
0x5a666c7d92e5fa7edcb6390e4efd6d0cdd69cf37,MARSH,UnmarshalToken,18,ERC20
0x9ae380f0272e2162340a5bb646c354271c0f5cfc,CNC,Conic Finance Token,18,ERC20
0xade00c28244d5ce17d72e40330b1c318cd12b7c3,ADX,AdEx Network,18,ERC20
0xb9d99c33ea2d86ec5ec6b8a4dd816ebba64404af,K21,k21.kanon.art,18,ERC20
0xa9b1eb5908cfc3cdf91f9b8b3a74108598009096,Auction,Bounce Token,18,ERC20
0xc011a73ee8576fb46f5e1c5751ca3b9fe0af2a6f,SNX,Synthetix Network Token,18,ERC20
0xce246eea10988c495b4a90a905ee9237a0f91543,VCX,VaultCraft,18,ERC20
0x8ab7404063ec4dbcfd4598215992dc3f8ec853d7,AKRO,Akropolis,18,ERC20
0xa444ec96ee01bb219a44b285de47bf33c3447ad5,LEOX,LEOX,18,ERC20
0x2f573070e6090b3264fe707e2c9f201716f123c7,MUMU,Mumu,18,ERC20
0x35bd01fc9d6d5d81ca9e055db88dc49aa2c699a8,FWB,Friends With Benefits Pro,18,ERC20
0x674c6ad92fd080e4004b2312b45f796a192d27a0,USDN,Neutrino USD,18,ERC20
0x67d85a291fcdc862a78812a3c26d55e28ffb2701,ASX,Asymetrix Governance Token,18,ERC20
0x6f222e04f6c53cc688ffb0abe7206aac66a8ff98,ROKO,ROKO,18,ERC20
0x9f9c8ec3534c3ce16f928381372bfbfbfb9f4d24,GLQ,GraphLinq,18,ERC20
0xa35bd2246978dfbb1980dff8ff0f5834335dfdbc,REMIO,Remilio Babies,18,ERC20
0xd33526068d116ce69f19a9ee46f0bd304f21a51f,RPL,Rocket Pool Protocol,18,ERC20
0x8c85f830bea7d21c71cbd0047aa6de0d7acf3262,RNG,RuniGun,18,ERC20
0x61b34a012646cd7357f58ee9c0160c6d0021fa41,ELO,ELOSYS,18,ERC20
0x3593d125a4f7849a1b059e64f4517a86dd60c95d,OM,MANTRA DAO,18,ERC20
0x1495bc9e44af1f8bcb62278d2bec4540cf0c05ea,DEAI,Zero1 Token,18,ERC20
0xa9e8acf069c58aec8825542845fd754e41a9489a,pepecoin,pepeCoin,18,ERC20
0xb528edbef013aff855ac3c50b381f253af13b997,AEVO,Aevo,18,ERC20
0x6f259637dcd74c767781e37bc6133cd6a68aa161,HT,HuobiToken,18,ERC20
0x967da4048cd07ab37855c090aaf366e4ce1b9f48,OCEAN,Ocean Token,18,ERC20
0x408e41876cccdc0f92210600ef50372656052a38,REN,Republic Token,18,ERC20
0x6243d8cea23066d098a15582d81a598b4e8391f4,FLX,Flex Ungovernance Token,18,ERC20
0xbaac2b4491727d78d2b78815144570b9f2fe8899,DOG,The Doge NFT,18,ERC20
0xba61baa1d96c2f4e25205b331306507bcaea4677,lp-yPRISMA,LP Yearn PRISMA Vault,18,ERC20
0x652c0e3d583a43c6230eb2a8e9c9634e0ded7765,FURIE,Matt Furie,18,ERC20
0x111111517e4929d3dcbdfa7cce55d30d4b6bc4d6,ICHI,ICHI,18,ERC20
0x6b0b3a982b4634ac68dd83a4dbf02311ce324181,ALI,Artificial Liquid Intelligence Token,18,ERC20
0x6bb61215298f296c55b19ad842d3df69021da2ef,DOP,Drops Ownership Power,18,ERC20
0x78132543d8e20d2417d8a07d9ae199d458a0d581,LINU,Luna Inu,18,ERC20
0xc0db17bc219c5ca8746c29ee47862ee3ad742f4a,SCOTTY,Scotty AI,18,ERC20
0x594daad7d77592a2b97b725a7ad59d7e188b5bfa,APU,Apu Apustaja,18,ERC20
0x41d5d79431a913c4ae7d69a668ecdfe5ff9dfb68,INV,Inverse DAO,18,ERC20
0xccccb68e1a848cbdb5b60a974e07aae143ed40c3,TOPIA,TOPIA,18,ERC20
0xd9c2d319cd7e6177336b0a9c93c21cb48d84fb54,HAPI,HAPI,18,ERC20
0xf951e335afb289353dc249e82926178eac7ded78,swETH,swETH,18,ERC20
0x57e114b691db790c35207b2e685d4a43181e6061,ENA,ENA,18,ERC20
